ISO3,Country,n_points,mean_scenario_risk,high_risk_share,slr_ge_4_share,slr_ge_7_share,baseline_tc_hazard,future_tc_hazard,scenario,Mang_Ha_2020,Risk_Pop_2020,Risk_Stock_2020,Ben_Pop_2020,Ben_Stock_2020,risk_pop_proxy,risk_stock_proxy
ABW,Aruba,2,0.3507899795202733,1.0,1.0,1.0,0.24025745927215128,0.27629607816297397,ssp245,43.0,0.0,0.0,0.0,0.0,0.0,0.0
AGO,Angola,106,0.18862850988842766,0.0,1.0,0.9245283018867925,0.10612475889402662,0.014436971917470415,ssp245,51756.0,11775.0,41409776.0,6739.0,41700883.0,2221.1007039362357,7811064.341693575
ANT,NetherlandsAntilles,3,0.3023248304606443,0.0,1.0,0.3333333333333333,0.18582401275154078,0.21369761466427187,ssp245,228.0,458.0,0.0,6468.0,0.0,138.4647723509751,0.0
ARE,United Arab Emirates,3,0.4016171843106646,1.0,1.0,0.3333333333333333,0.3172674917105156,0.3331308662960414,ssp245,7393.0,249755.0,570497070.0,111891.0,352075128.0,100305.89986751004,229121426.91088414
ATG,Antigua and Barbuda,14,0.32407412309795935,0.0,1.0,1.0,0.1784368718172567,0.2052024025898452,ssp245,869.0,1050.0,37536879.0,452.0,13802800.0,340.2778292528573,12164731.145759206
AUS,Australia,1573,0.3282686771771045,0.46853146853146854,1.0,0.8385251112523839,0.2649324119399638,0.22624226180368565,ssp245,988392.0,98148.0,5895729369.0,111606.0,5565606181.0,32218.914127578453,1935383280.955835
BEN,Benin,1,0.1595982142857143,0.0,1.0,0.0,,0.0,ssp245,2970.0,70975.0,102402912.0,7469.0,6886351.0,11327.483258928572,16343321.892857144
BGD,Bangladesh,2130,0.2851084048740569,0.28075117370892017,1.0,0.4784037558685446,0.15008373740001069,0.15758792427001123,ssp245,531711.0,657059.0,1352366845.0,621358.0,1286290673.0,187333.04339814297,385571153.982511
BHS,Bahamas,197,0.3369326388522321,0.38071065989847713,1.0,1.0,0.19449737980284187,0.2236719867732681,ssp245,145902.0,6953.0,358419473.0,2378.0,149169432.0,2342.69263793957,120763218.85391636
BLZ,Belize,84,0.49961792819498685,1.0,1.0,0.9761904761904762,0.34017345397769383,0.3911994720743479,ssp245,68012.0,3252.0,14005376.0,5925.0,20171289.0,1624.7575024900973,6997336.940711793
BMU,Bermuda,2,0.2704167314170908,0.0,1.0,1.0,0.08736950370467363,0.10047492926037466,ssp245,21.0,0.0,0.0,0.0,0.0,0.0,0.0
BRA,Brazil,2870,0.20185196576806835,0.0017421602787456446,1.0,0.9770034843205575,0.1372122796424395,0.03768297120734873,ssp245,1138408.0,348868.0,2319344780.0,265511.0,1002668479.0,70419.69159357448,468164303.13690805
BRB,Barbados,1,0.35746689466456133,1.0,1.0,0.0,0.25560315156595936,0.29394362430085325,ssp245,11.0,0.0,0.0,0.0,0.0,0.0,0.0
BRN,Brunei Darussalam,37,0.551308113519517,1.0,1.0,0.9459459459459459,0.4724154543763932,0.5102086907265047,ssp245,18707.0,4636.0,56058429.0,1602.0,9281843.0,2555.864414276481,30905466.738857787
CHN,China,27,0.2870545058632939,0.0,1.0,0.8888888888888888,0.16332182013733917,0.1763875657483263,ssp245,24926.0,16077932.0,124137014007.0,764842.0,7632534942.0,4615242.82556364,35634089215.124176
CIV,CÃ´te d'Ivoire,12,0.1415922619047619,0.0,1.0,0.08333333333333333,,0.0,ssp245,6453.0,82261.0,98886688.0,32548.0,12765872.0,11647.521056547619,14001589.826190475
CMR,Cameroon,748,0.17490480567226893,0.0,1.0,0.983957219251337,,0.0,ssp245,211303.0,9922.0,13652327.0,159861.0,88430743.0,1735.4054818802524,2387857.6009092703
COD,D.R. of the Congo,61,0.1803681206088993,0.0,1.0,1.0,,0.0,ssp245,36328.0,0.0,0.0,0.004043,5.0,0.0,0.0
COG,Congo,21,0.1809948979591837,0.0,1.0,1.0,,0.0,ssp245,2500.0,1001.0,9054302.0,1510.0,2081811.0,181.17589285714288,1638782.4665816328
COL,Colombia,500,0.20688011868551098,0.01,1.0,0.492,0.11138697680494354,0.0445770681173384,ssp245,289936.0,71822.0,242069107.0,15055.0,85285326.0,14858.54388423077,50079285.586255655
CRI,Costa Rica,109,0.24958170176352498,0.009174311926605505,0.9908256880733946,0.8623853211009175,0.096765892702673,0.11128077660807394,ssp245,37034.0,4394.0,36007873.0,2729.0,16020972.0,1096.6619975489289,8986906.220224883
CUB,Cuba,553,0.3569311946462473,0.49005424954792043,0.9981916817359855,0.976491862567812,0.21878532503787296,0.2516031237935539,ssp245,342417.0,29447.0,287496675.522528,9227.0,90084960.269174,10510.552888748043,102616531.85108043
CYM,Cayman Islands,21,0.39747766761918113,1.0,1.0,1.0,0.26595877102487353,0.30585258667860454,ssp245,4432.0,0.0,0.0,0.0,0.0,0.0,0.0
DMA,Dominica,2,0.31402994070264056,0.0,1.0,1.0,0.16605091810596914,0.1909585558218645,ssp245,1.0,0.0,0.0,0.0,0.0,0.0,0.0
DOM,Dominican Republic,63,0.31865170269980414,0.2857142857142857,1.0,0.746031746031746,0.1964724954250356,0.22594336973879092,ssp245,19270.0,42807.0,211021863.0,6554.0,15004277.0,13640.523437470516,67242475.9518348
ECU,Ecuador,487,0.15638154517453798,0.0,1.0,0.23408624229979466,,0.0,ssp245,162785.0,30509.0,143295722.0,16398.0,145772481.0,4771.044561729979,22408806.423261035
ERI,Eritrea,6,0.34201090302949083,0.3333333333333333,1.0,0.6666666666666666,0.18747206981625344,0.19684567330706612,ssp245,7175.0,4570.0,4847504.23871,6838.0,7253224.066586,1562.989826844773,1657899.3021204916
FJI,Fiji,121,0.38503207540070145,0.8181818181818182,1.0,0.9752066115702479,0.3257866922445669,0.2885974666901554,ssp245,48811.0,5564.0,27088891.0,3911.0,18594698.0,2142.318467529503,10430091.922033383
FSM,MicronesiaFederatedStatesof,24,0.42578816076626613,0.9166666666666666,1.0,1.0,0.30835400052249257,0.333022320564292,ssp245,8711.0,2962.0,0.0,420.0,0.0,1261.1845321896803,0.0
GAB,Gabon,569,0.17931874529249311,0.0,1.0,0.9894551845342706,,0.0,ssp245,194197.0,2162.0,5069257.0,1557.0,3320704.0,387.6871273223701,909012.8048051877
GHA,Ghana,22,0.17109375000000002,0.0,1.0,0.9090909090909091,,0.0,ssp245,18391.0,59157.0,249967863.0,18397.0,109352669.0,10121.39296875,42767939.060156256
GIN,Guinea,772,0.21300874310238097,0.0,1.0,0.9870466321243523,0.12121748918155352,0.06339737491184462,ssp245,253417.0,7795.0,9351624.0,21210.0,30338541.0,1660.4031524830596,1991977.6742060604
GLP,Guadeloupe,33,0.355566248616082,0.9090909090909091,1.0,0.9090909090909091,0.2340265266792163,0.2691305056810987,ssp245,3415.0,2631.0,0.0,1016.0,0.0,935.4948001089117,0.0
GMB,Gambia,163,0.24405255333751696,0.0,1.0,1.0,0.10588132613922145,0.10905776592339808,ssp245,74425.0,2784.0,1684971.0,1687.0,1323843.0,679.4423084916473,411221.4748496693
GNB,Guinea-Bissau,814,0.2505142843514176,0.0012285012285012285,1.0,0.9938574938574939,0.11505137802553743,0.11850291936630357,ssp245,297832.0,2443.0,1774430.0,2711.0,1585206.0,612.0063966705131,444520.0615816859
GNQ,Equatorial Guinea,55,0.1763839285714286,0.0,1.0,1.0,,0.0,ssp245,33795.0,3803.0,8258813.0,1290.0,13360149.0,670.7880803571429,1456721.8822767858
GRD,Grenada,8,0.3214344547872392,0.0,1.0,0.125,0.20335992144367662,0.2338639096602281,ssp245,209.0,1594.0,36869182.0,623.0,18227371.0,512.3665209308593,11851025.414621493
GTM,Guatemala,59,0.30243056825761566,0.06779661016949153,1.0,0.6949152542372882,0.17496234152986784,0.201206692759348,ssp245,29554.0,1684.0,7753412.0,996.0,4470789.0,509.2930769458248,2344868.7970954166
GUF,FrenchGuiana,112,0.3389632163542048,0.4375,1.0,0.9821428571428571,0.20839897873033864,0.2396588255398894,ssp245,83100.0,3484.0,0.0,6074.0,0.0,1180.9478457780494,0.0
GUY,Guyana,59,0.3360968127699405,0.6271186440677966,1.0,1.0,0.19173213322786933,0.22049195321204976,ssp245,38703.0,56761.0,34969608.0,33613.0,14078963.0,19077.191189634596,11753173.792614214
HKG,"China, Hong Kong SAR",1,0.3144739157267961,0.0,1.0,1.0,0.1922704032552845,0.20765203551570727,ssp245,546.0,57102.0,243074683.0,18509.0,54590872.0,17957.08953583151,76440647.37705968
HND,Honduras,99,0.40505608075638144,0.98989898989899,1.0,0.9494949494949495,0.28090731040593364,0.32304340696682365,ssp245,85226.0,6683.0,22392815.0,2721.0,8215556.0,2706.989787694897,9070345.88100271
HTI,Haiti,42,0.2815983696681802,0.047619047619047616,1.0,0.9761904761904762,0.12150667413270042,0.1397326752526055,ssp245,18837.0,29641.0,75816106.0,32354.0,88657453.0,8346.857275334529,21349691.844189934
IDN,Indonesia,7679,0.2944534772650744,0.2919650996223467,0.9997395494204975,0.7912488605287147,0.22204575247214156,0.1801854370282555,ssp245,2913232.0,783119.0,2608833271.0,489596.0,1550664018.0,230592.11266234782,768180028.2507683
IND,India,1215,0.23356370380052663,0.05102880658436214,0.9415637860082304,0.31275720164609055,0.11535382535106788,0.11454207620970853,ssp245,492571.0,1210902.0,1698438651.0,1144050.0,1587476843.0,282822.7560594653,396693622.00553
IRN,Iran (Islamic Republic of),29,0.25685155035895785,0.06896551724137931,1.0,0.9310344827586207,0.11501683755396491,0.12076767943166317,ssp245,10286.0,60448.0,331228543.0,2788.0,26222184.0,15526.162516098284,85076564.79268873
JAM,Jamaica,22,0.35665315799947195,0.7727272727272727,1.0,1.0,0.22836193787962608,0.26261622856157,ssp245,9767.0,9981.0,163076058.0,2804.0,40149921.0,3559.7551699927294,58161591.079805054
JPN,Japan,13,0.3384248399366977,0.3076923076923077,1.0,1.0,0.20250621656677462,0.2187067138921166,ssp245,1016.0,33178.0,1273881731.0,2485.0,392369031.0,11228.259339419756,431113220.9119584
KEN,Kenya,115,0.2615945551346626,0.008695652173913044,1.0,0.9826086956521739,0.12504258421910425,0.13379556511444154,ssp245,56260.0,15358.0,16215720.0,34183.0,28889528.0,4017.5691777581487,4241944.059588252
KHM,Cambodia,94,0.3358752772195516,0.13829787234042554,1.0,1.0,0.22711635092967522,0.24528565900404925,ssp245,69351.0,92456.0,115114355.0,71430.0,109160155.0,31053.684630610864,38664065.89757488
KNA,Saint Kitts and Nevis,1,0.33334027401601907,0.0,1.0,1.0,0.18443988308981082,0.21210586555328242,ssp245,35.0,0.0,0.0,0.0,0.0,0.0,0.0
LBR,Liberia,63,0.1699263038548753,0.0,1.0,0.6825396825396826,,0.0,ssp245,19726.0,11220.0,7794388.0,5823.0,5240208.0,1906.573129251701,1324471.5436507938
LCA,Saint Lucia,2,0.3275727928369848,0.5,1.0,0.0,0.216538219101361,0.24901895196656515,ssp245,162.0,1108.0,24666533.0,1933.0,31297014.0,362.9506544633792,8080085.10441565
LKA,Sri Lanka,89,0.25778967435833217,0.011235955056179775,1.0,1.0,0.10275001640024169,0.10788751722025376,ssp245,18119.0,45376.0,164516359.0,3985.0,18904169.0,11697.46426368368,42410618.61322847
MDG,Madagascar,564,0.311656145883612,0.20390070921985815,1.0,0.9663120567375887,0.1918625602493172,0.2052929394667694,ssp245,275833.0,103671.0,31719761.0,20020.0,13838664.0,32309.704299899942,9885658.461609308
MEX,Mexico,2222,0.3546715303305853,0.40279027902790276,1.0,0.9657965796579658,0.191556450959122,0.21590301789634972,ssp245,1004711.0,104691.0,1239455750.0,161141.0,1364288402.0,37130.91718183931,439599667.62954336
MMR,Myanmar,1137,0.24916202381576652,0.05716798592788039,1.0,0.7977132805628848,0.11473909525586873,0.12047605001866216,ssp245,546707.0,469825.0,172667784.0,63024.0,65783025.0,117062.5478392425,43022254.50922363
MOZ,Mozambique,660,0.33685285476429694,0.47878787878787876,1.0,0.9833333333333333,0.2154681801014343,0.2302016330832187,ssp245,304897.0,41997.0,23362062.0,28845.0,22122480.0,14146.809341536178,7869577.2778805
MTQ,Martinique,21,0.3671688265495102,0.9047619047619048,1.0,1.0,0.2349437410969118,0.27018530226144855,ssp245,1944.0,2384.0,0.0,620.0,0.0,875.3304824940324,0.0
MYS,Malaysia,1339,0.3274897532174553,0.3704256908140403,1.0,0.9044062733383121,0.22612283517618087,0.23139990584208095,ssp245,579537.0,106284.0,342518762.0,22448.0,106584340.0,34806.92093096402,112171384.83972831
MYT,Mayotte,11,0.3915602042624975,1.0,1.0,0.9090909090909091,0.3018920684610597,0.3230245132533339,ssp245,675.0,2167.0,0.0,1335.0,0.0,848.5109626368321,0.0
NCL,NewCaledonia,85,0.23502101245215418,0.0,1.0,0.6235294117647059,0.1111396209924569,0.09780286647336207,ssp245,33481.0,5427.0,0.0,1384.0,0.0,1275.4590345778406,0.0
NGA,Nigeria,2592,0.1782966304287919,0.0,1.0,0.9926697530864198,,0.0,ssp245,887472.0,133742.0,192628973.0,94983.0,86226425.0,23845.747946807485,34345096.80885874
NIC,Nicaragua,141,0.40464547012145996,0.9787234042553191,1.0,0.9929078014184397,0.28208895208078283,0.3244022948929002,ssp245,86057.0,5268.0,19362943.0,8175.0,16184777.0,2131.672336599851,7835127.173170032
NZL,New Zealand,44,0.1674107142857143,0.0,1.0,0.6136363636363636,,0.0,ssp245,29676.0,23126.0,1361281995.0,1186.0,230904478.0,3871.540178571429,227893191.12723216
PAK,Pakistan,16,0.25847243142089993,0.0,1.0,1.0,0.10542547261587076,0.1106967462466643,ssp245,82083.0,42299.0,23958274.0,21578.0,18389322.0,10933.125376672646,6192553.33342813
PAN,Panama,513,0.2789982102859693,0.009746588693957114,1.0,0.9746588693957114,0.13258469517588886,0.15247239945227217,ssp245,152860.0,8837.0,29974273.0,4742.0,14958912.0,2465.5071842971106,8362768.521623051
PER,Peru,24,0.15110677083333332,0.0,1.0,0.041666666666666664,,0.0,ssp245,11845.0,8188.0,66437364.0,659.0,5598405.0,1237.2622395833332,10039135.536718749
PHL,Philippines,599,0.3328712145393348,0.3622704507512521,1.0,0.9081803005008348,0.20477686898972405,0.22115901850890196,ssp245,274939.0,817650.0,1465017667.0,327137.0,545975346.0,272172.14856808714,487662210.1358728
PLW,Palau,15,0.42125705677486974,1.0,1.0,0.4666666666666667,0.32985411786202273,0.3562424472909846,ssp245,5687.0,584.0,0.0,253.0,0.0,246.01412115652394,0.0
PNG,PapuaNewGuinea,1034,0.276114543047869,0.058027079303675046,1.0,0.4332688588007737,0.19754518819832004,0.17383976561452164,ssp245,461059.0,22150.0,107732071.677141,8133.0,39556882.119647,6115.937128510298,29746391.742734052
PRI,PuertoRico,18,0.2770511935273003,0.0,1.0,1.0,0.12272453696792823,0.14113321751311744,ssp245,8200.0,14668.0,753682843.679039,17258.0,886764283.897794,4063.786906658441,208808731.38232744
PYF,FrenchPolynesia,3,0.3872089554545644,1.0,1.0,0.0,0.35080076338107546,0.36132478628250775,ssp245,126.0,1753.0,0.0,122.0,0.0,678.7772989118514,0.0
QAT,Qatar,3,0.2529763159703193,0.0,1.0,1.0,0.10590715252419151,0.1112025101504011,ssp245,460.0,3051.0,53392981.0,6533.0,70418287.0,771.8307400254441,13507159.632053254
SAU,Saudi Arabia,8,0.2921996655900695,0.0,1.0,0.75,0.17767348073781072,0.18655715477470125,ssp245,6127.0,82993.0,535581663.0,17490.0,112569887.0,24250.526846316636,156496782.82477328
SEN,Senegal,374,0.24540395598897563,0.0,1.0,0.9973262032085561,0.10588132613922145,0.10789137270496603,ssp245,232995.0,30551.0,34984208.0,32980.0,43091067.0,7497.336259419195,8585263.040341169
SLB,SolomonIslands,125,0.3635683142434942,0.704,1.0,0.992,0.31121444160957307,0.27386870861642426,ssp245,51928.0,12568.0,15205621.486379,4837.0,5852131.693954,4569.326573412235,5528282.170827467
SLE,Sierra Leone,514,0.17378578376876044,0.0,1.0,0.9610894941634242,,0.0,ssp245,172741.0,10778.0,6624940.0,6660.0,3760047.0,1873.0631774597,1151320.390321012
SLV,El Salvador,119,0.32291651127825033,0.5462184873949579,1.0,0.9495798319327731,0.18514317160597335,0.21291464734686932,ssp245,51920.0,2324.0,15254762.0,1222.0,2186078.0,750.4579722106538,4926014.525420025
SOM,Somalia,4,0.1773995535714286,0.0,1.0,1.0,,0.0,ssp245,5886.0,21804.0,11893090.909091,2039.0,1112181.818182,3868.019866071429,2109829.017857159
SUR,Suriname,116,0.32651776833147134,0.28448275862068967,1.0,1.0,0.1880061771385868,0.21620710370937482,ssp245,85438.0,4230.0,50073326.0,69710.0,595114322.0,1381.1701600421238,16349830.65845424
SYC,Seychelles,4,0.3394118922977563,0.0,1.0,1.0,0.2346143919947115,0.25103739943434134,ssp245,227.0,5287.0,33278197.0,652.0,13548792.0,1794.4706745782375,11295015.816027516
TCA,Turks and Caicos Islands,8,0.2989974871924259,0.0,1.0,1.0,0.1461833840046417,0.16811089160533793,ssp245,15037.0,827.0,44163526.0,1641.0,66776159.0,247.27092190813624,13204783.29955737
THA,Thailand,694,0.25501739609715757,0.05475504322766571,0.9985590778097982,0.9365994236311239,0.1196744877457164,0.1266458185441527,ssp245,264930.0,124711.0,814801338.0,23646.0,204952563.0,31803.474484672617,207788515.55323997
TLS,TimorLeste,7,0.27342001003765354,0.0,1.0,1.0,0.1824424151541606,0.16054932533566132,ssp245,1344.0,2188.0,0.0,3698.0,0.0,598.2429819623859,0.0
TON,Tonga,4,0.27525238333612223,0.25,1.0,0.25,0.16420513234760103,0.1691312863180291,ssp245,1039.0,896.0,11031140.544791,1404.0,17285403.264382,246.62613546916552,3036347.7258694526
TTO,Trinidad and Tobago,26,0.30944386950874203,0.0,1.0,0.8846153846153846,0.17170245454506386,0.1974578227268234,ssp245,11169.0,3000.0,16320282.0,567.0,6924440.0,928.3316085262261,5050211.213553871
TWN,Taiwan,9,0.2851196506431234,0.0,1.0,1.0,0.16042277227196466,0.17325659405372182,ssp245,167.0,389704.0,4891052614.0,70762.0,263254022.0,111112.26833422776,1394535212.5808156
TZA,U.R. of Tanzania: Mainland,201,0.3105723058919983,0.1044776119402985,1.0,0.9651741293532339,0.19001063124458675,0.20331137543170788,ssp245,120155.0,19894.0,27388931.0,10681.0,15160642.0,6178.525453415415,8506243.456586834
USA,United States,486,0.3371495758922878,0.4012345679012346,1.0,0.9917695473251029,0.1772522638430283,0.2034206793383725,ssp245,231525.0,329242.0,21150953450.0,64247.0,2352552635.0,111003.80066592862,7131034985.385021
VEN,Venezuela (Bolivarian Republic of),634,0.288654241048132,0.02365930599369085,1.0,0.9211356466876972,0.1447643743774491,0.16621644531240387,ssp245,300542.0,128871.0,578987661.0,19847.0,123343160.0,37199.16069811382,167127243.86218813
VIR,UnitedStatesVirginIslands,4,0.3099126249887955,0.0,1.0,1.0,0.1552652030508147,0.1785549835084369,ssp245,274.0,1395.0,0.0,257.0,0.0,432.32811185936976,0.0
VNM,Viet Nam,226,0.3406791631987776,0.3053097345132743,1.0,0.9601769911504425,0.21923787243063944,0.23677690222509062,ssp245,186363.0,2467538.0,4746241695.0,3673309.0,7391633755.0,840638.7810011853,1616945648.9917479
VUT,Vanuatu,4,0.31902792966770266,0.25,1.0,1.0,0.22273303785054493,0.19600507330847955,ssp245,1532.0,5656.0,50318275.816529,1607.0,14296582.25551,1804.4219702005262,16052935.358195677
WSM,Samoa,2,0.5181381471087453,1.0,1.0,1.0,0.47712459366132104,0.49143833147116067,ssp245,231.0,543.0,0.0,2568.0,0.0,281.3490138800487,0.0
YEM,Yemen,1,0.24827618240145632,0.0,1.0,1.0,0.1167896234426099,0.1226291046147404,ssp245,1566.0,50926.0,369260678.0,6239.0,35634167.0,12643.712864976565,91678631.44481343
ZAF,South Africa,3,0.20427797493420496,0.0,1.0,1.0,0.11278775904181382,0.040227634058246926,ssp245,2654.0,8866.0,86491602.0,1603.0,22566767.0,1811.1285257666611,17668329.305375233
,,9264,0.27696945118268684,0.19440846286701208,0.9981649395509499,0.8523316062176166,0.19047818142978284,0.1496179767921346,ssp245,,,,,,0.0,0.0
ABW,Aruba,2,0.43548670404199447,1.0,1.0,1.0,0.24025745927215128,0.3003458498361163,ssp370,43.0,0.0,0.0,0.0,0.0,0.0,0.0
AGO,Angola,106,0.27022769792510715,0.0,1.0,1.0,0.10612475889402662,0.015614636364563492,ssp370,51756.0,11775.0,41409776.0,6739.0,41700883.0,3181.931143068137,11190068.440074353
ANT,NetherlandsAntilles,3,0.38177171275303845,0.0,1.0,1.0,0.18582401275154078,0.2322985983407011,ssp370,228.0,458.0,0.0,6468.0,0.0,174.8514444408916,0.0
ARE,United Arab Emirates,3,0.49515397905629244,1.0,1.0,1.0,0.3172674917105156,0.3606379578273431,ssp370,7393.0,249755.0,570497070.0,111891.0,352075128.0,123667.18203920432,282483894.2504562
ATG,Antigua and Barbuda,14,0.40080918150759864,0.0,1.0,1.0,0.1784368718172567,0.2230639334587526,ssp370,869.0,1050.0,37536879.0,452.0,13802800.0,420.84964058297857,15045125.748339768
AUS,Australia,1573,0.4158647788448173,0.4589955499046408,1.0,1.0,0.2649324119399638,0.24274350173103276,ssp370,988392.0,98148.0,5895729369.0,111606.0,5565606181.0,40816.29631406113,2451826190.1680794
BEN,Benin,1,0.24062500000000003,0.0,1.0,1.0,,0.0,ssp370,2970.0,70975.0,102402912.0,7469.0,6886351.0,17078.359375000004,24640700.700000003
BGD,Bangladesh,2130,0.36969345903628287,0.2802816901408451,1.0,1.0,0.15008373740001069,0.17060018430259216,ssp370,531711.0,657059.0,1352366845.0,621358.0,1286290673.0,242910.41450092098,499961176.8140346
BHS,Bahamas,197,0.41221067166880804,0.27918781725888325,1.0,1.0,0.19449737980284187,0.2431411744915326,ssp370,145902.0,6953.0,358419473.0,2378.0,149169432.0,2866.1008001132222,147744331.7045102
BLZ,Belize,84,0.5922617952460351,1.0,1.0,1.0,0.34017345397769383,0.4252508348175151,ssp370,68012.0,3252.0,14005376.0,5925.0,20171289.0,1926.035358140106,8294849.132855734
BMU,Bermuda,2,0.34251039259149524,0.0,1.0,1.0,0.08736950370467363,0.1092206165812125,ssp370,21.0,0.0,0.0,0.0,0.0,0.0,0.0
BRA,Brazil,2870,0.2776847706207128,0.0024390243902439024,1.0,1.0,0.1372122796424395,0.0407574930871024,ssp370,1138408.0,348868.0,2319344780.0,265511.0,1002668479.0,96875.33055690683,644046723.2246475
BRB,Barbados,1,0.44318216624137,1.0,1.0,1.0,0.25560315156595936,0.3195294997726058,ssp370,11.0,0.0,0.0,0.0,0.0,0.0,0.0
BRN,Brunei Darussalam,37,0.6586289651323767,1.0,1.0,1.0,0.4724154543763932,0.5530662207475312,ssp370,18707.0,4636.0,56058429.0,1602.0,9281843.0,3053.4038823536985,36921705.079216816
CHN,China,27,0.3725403211282973,0.0,1.0,1.0,0.16332182013733917,0.19120412127118575,ssp370,24926.0,16077932.0,124137014007.0,764842.0,7632534942.0,5989677.950358927,46246043062.07572
CIV,CÃ´te d'Ivoire,12,0.2027715773809524,0.0,1.0,1.0,,0.0,ssp370,6453.0,82261.0,98886688.0,32548.0,12765872.0,16680.192726934525,20051409.707738098
CMR,Cameroon,748,0.2497012867647059,0.0,1.0,1.0,,0.0,ssp370,211303.0,9922.0,13652327.0,159861.0,88430743.0,2477.536167279412,3409003.619232537
COD,D.R. of the Congo,61,0.26316598360655735,0.0,1.0,1.0,,0.0,ssp370,36328.0,0.0,0.0,0.004043,5.0,0.0,0.0
COG,Congo,21,0.2635416666666667,0.0,1.0,1.0,,0.0,ssp370,2500.0,1001.0,9054302.0,1510.0,2081811.0,263.8052083333333,2386185.8395833336
COL,Colombia,500,0.2874989141306036,0.01,1.0,1.0,0.11138697680494354,0.048457211176943245,ssp370,289936.0,71822.0,242069107.0,15055.0,85285326.0,20648.74701068821,69594605.40706488
CRI,Costa Rica,109,0.33718886035193624,0.009174311926605505,1.0,0.9908256880733946,0.096765892702673,0.12096704246761153,ssp370,37034.0,4394.0,36007873.0,2729.0,16020972.0,1481.6078523864078,12141453.660567256
CUB,Cuba,553,0.4416324404469872,0.484629294755877,1.0,0.9981916817359855,0.21878532503787296,0.27350353482984496,ssp370,342417.0,29447.0,287496675.522528,9227.0,90084960.269174,13004.750473842432,126967858.43140964
CYM,Cayman Islands,21,0.4848156518834972,1.0,1.0,1.0,0.26595877102487353,0.3324750596581944,ssp370,4432.0,0.0,0.0,0.0,0.0,0.0,0.0
DMA,Dominica,2,0.3913459614418132,0.0,1.0,1.0,0.16605091810596914,0.20758025272427202,ssp370,1.0,0.0,0.0,0.0,0.0,0.0,0.0
DOM,Dominican Republic,63,0.4022350670972219,0.2857142857142857,1.0,1.0,0.1964724954250356,0.245610266530837,ssp370,19270.0,42807.0,211021863.0,6554.0,15004277.0,17218.476517230778,84880393.22278577
ECU,Ecuador,487,0.2399998166617776,0.0,1.0,1.0,,0.0,ssp370,162785.0,30509.0,143295722.0,16398.0,145772481.0,7322.154406534173,34390947.008417055
ERI,Eritrea,6,0.4329966910633137,0.3333333333333333,1.0,1.0,0.18747206981625344,0.21309950176013528,ssp370,7175.0,4570.0,4847504.23871,6838.0,7253224.066586,1978.7948781593434,2098953.2952768174
FJI,Fiji,121,0.47644441406591037,0.8181818181818182,1.0,1.0,0.3257866922445669,0.3096770458454297,ssp370,48811.0,5564.0,27088891.0,3911.0,18594698.0,2650.936719862725,12906350.800190313
FSM,MicronesiaFederatedStatesof,24,0.5230105824730752,0.9166666666666666,1.0,1.0,0.30835400052249257,0.36099619549169254,ssp370,8711.0,2962.0,0.0,420.0,0.0,1549.1573452852488,0.0
GAB,Gabon,569,0.2585201952046196,0.0,1.0,1.0,,0.0,ssp370,194197.0,2162.0,5069257.0,1557.0,3320704.0,558.9206620323876,1310505.3091823843
GHA,Ghana,22,0.24386160714285712,0.0,1.0,1.0,,0.0,ssp370,18391.0,59157.0,249967863.0,18397.0,109352669.0,14426.121093749998,60957564.80524553
GIN,Guinea,772,0.2855790235749322,0.0,1.0,1.0,0.12121748918155352,0.06856887728086715,ssp370,253417.0,7795.0,9351624.0,21210.0,30338541.0,2226.0884887665966,2670627.650759902
GLP,Guadeloupe,33,0.4454297615786772,0.9090909090909091,1.0,1.0,0.2340265266792163,0.2925565610016883,ssp370,3415.0,2631.0,0.0,1016.0,0.0,1171.9257027134997,0.0
GMB,Gambia,163,0.31895741875330635,0.0,1.0,1.0,0.10588132613922145,0.1179539149456155,ssp370,74425.0,2784.0,1684971.0,1687.0,1323843.0,887.9774538092049,537434.0008341774
GNB,Guinea-Bissau,814,0.32550804248095755,0.0012285012285012285,1.0,1.0,0.11505137802553743,0.12816953614800924,ssp370,297832.0,2443.0,1774430.0,2711.0,1585206.0,795.2161477809793,577591.2358194855
GNQ,Equatorial Guinea,55,0.25473214285714285,0.0,1.0,1.0,,0.0,ssp370,33795.0,3803.0,8258813.0,1290.0,13360149.0,968.7463392857143,2103785.1329464284
GRD,Grenada,8,0.40398908083157686,0.0,1.0,1.0,0.20335992144367662,0.25422023779674013,ssp370,209.0,1594.0,36869182.0,623.0,18227371.0,643.9585948455335,14894746.94719212
GTM,Guatemala,59,0.3883700022055931,0.05084745762711865,1.0,1.0,0.17496234152986784,0.21872042314648776,ssp370,29554.0,1684.0,7753412.0,996.0,4470789.0,654.0150837142188,3011192.635540872
GUF,FrenchGuiana,112,0.4217865336895884,0.4375,1.0,1.0,0.20839897873033864,0.26051956331079634,ssp370,83100.0,3484.0,0.0,6074.0,0.0,1469.504283374526,0.0
GUY,Guyana,59,0.41740627747046877,0.6271186440677966,1.0,1.0,0.19173213322786933,0.23968433974815945,ssp370,38703.0,56761.0,34969608.0,33613.0,14078963.0,23692.397715501276,14596533.899881525
HKG,"China, Hong Kong SAR",1,0.39724508179070417,0.0,1.0,1.0,0.1922704032552845,0.2250948064990267,ssp370,546.0,57102.0,243074683.0,18509.0,54590872.0,22683.48866041279,96560222.3295845
HND,Honduras,99,0.5021482981387231,0.98989898989899,1.0,1.0,0.28090731040593364,0.35116222873845765,ssp370,85226.0,6683.0,22392815.0,2721.0,8215556.0,3355.8570764610863,11244513.94278527
HTI,Haiti,42,0.35747781675576595,0.047619047619047616,1.0,1.0,0.12150667413270042,0.15189549333328878,ssp370,18837.0,29641.0,75816106.0,32354.0,88657453.0,10595.999966457659,27102576.047803726
IDN,Indonesia,7679,0.37782711108230643,0.29209532491209794,0.9998697747102487,0.9997395494204975,0.22204575247214156,0.1940574237202973,ssp370,2913232.0,783119.0,2608833271.0,489596.0,1550664018.0,295883.58940366475,985687938.0773338
IND,India,1215,0.3144919753676883,0.05102880658436214,1.0,0.9415637860082304,0.11535382535106788,0.1239999790738816,ssp370,492571.0,1210902.0,1698438651.0,1144050.0,1587476843.0,380818.9619566845,534145326.3938218
IRN,Iran (Islamic Republic of),29,0.3429664462783699,0.06896551724137931,1.0,1.0,0.11501683755396491,0.1307396392475919,ssp370,10286.0,60448.0,331228543.0,2788.0,26222184.0,20731.635744634907,113600276.29867224
JAM,Jamaica,22,0.4427924781848232,0.8181818181818182,1.0,1.0,0.22836193787962608,0.28547525854332056,ssp370,9767.0,9981.0,163076058.0,2804.0,40149921.0,4419.51172476272,72208851.85443196
JPN,Japan,13,0.4278556858320396,0.3076923076923077,1.0,1.0,0.20250621656677462,0.2370780778590544,ssp370,1016.0,33178.0,1273881731.0,2485.0,392369031.0,14195.39594453541,545037541.6859108
KEN,Kenya,115,0.34892178545136154,0.017391304347826087,1.0,1.0,0.12504258421910425,0.1449718712919451,ssp370,56260.0,15358.0,16215720.0,34183.0,28889528.0,5358.740780962011,5658017.974779353
KHM,Cambodia,94,0.42967588257286327,0.425531914893617,1.0,1.0,0.22711635092967522,0.2658896543603894,ssp370,69351.0,92456.0,115114355.0,71430.0,109160155.0,39726.113399156646,49461862.0814309
KNA,Saint Kitts and Nevis,1,0.41187683442012146,0.0,1.0,1.0,0.18443988308981082,0.2305682978505725,ssp370,35.0,0.0,0.0,0.0,0.0,0.0,0.0
LBR,Liberia,63,0.24214498299319728,0.0,1.0,1.0,,0.0,ssp370,19726.0,11220.0,7794388.0,5823.0,5240208.0,2716.8667091836737,1887371.949702381
LCA,Saint Lucia,2,0.40946751018988853,0.5,1.0,1.0,0.216538219101361,0.2706944276986114,ssp370,162.0,1108.0,24666533.0,1933.0,31297014.0,453.6900012903965,10100143.852526722
LKA,Sri Lanka,89,0.3343777801536519,0.011235955056179775,1.0,1.0,0.10275001640024169,0.11679594364215472,ssp370,18119.0,45376.0,164516359.0,3985.0,18904169.0,15172.726152252108,55010614.921381265
MDG,Madagascar,564,0.400553544228071,0.19680851063829788,1.0,1.0,0.1918625602493172,0.2224416151018534,ssp370,275833.0,103671.0,31719761.0,20020.0,13838664.0,41525.78648366835,12705462.690617342
MEX,Mexico,2222,0.43651732086849737,0.40324032403240323,1.0,1.0,0.191556450959122,0.23448997394266802,ssp370,1004711.0,104691.0,1239455750.0,161141.0,1364288402.0,45699.43483904386,541043903.325054
MMR,Myanmar,1137,0.3301682443684273,0.056288478452066845,1.0,1.0,0.11473909525586873,0.13042392957734597,ssp370,546707.0,469825.0,172667784.0,63024.0,65783025.0,155121.29541039636,57009419.10226682
MOZ,Mozambique,660,0.4264001796079923,0.553030303030303,1.0,1.0,0.2154681801014343,0.2494309994056282,ssp370,304897.0,41997.0,23362062.0,28845.0,22122480.0,17907.528342996855,9961587.432813052
MTQ,Martinique,21,0.4522143916975616,0.8571428571428571,1.0,1.0,0.2349437410969118,0.29370317074524943,ssp370,1944.0,2384.0,0.0,620.0,0.0,1078.079109806987,0.0
MYS,Malaysia,1339,0.41829720793603414,0.37117251680358476,1.0,1.0,0.22612283517618087,0.2508352053957316,ssp370,579537.0,106284.0,342518762.0,22448.0,106584340.0,44458.300448273454,143274641.810307
MYT,Mayotte,11,0.4855680160725623,1.0,1.0,1.0,0.3018920684610597,0.35000762633238347,ssp370,675.0,2167.0,0.0,1335.0,0.0,1052.2258908292424,0.0
NCL,NewCaledonia,85,0.3238780374311177,0.0,1.0,1.0,0.1111396209924569,0.10490691104719992,ssp370,33481.0,5427.0,0.0,1384.0,0.0,1757.6861091386759,0.0
NGA,Nigeria,2592,0.2540764164462081,0.0,1.0,1.0,,0.0,ssp370,887472.0,133742.0,192628973.0,94983.0,86226425.0,33980.68808834876,48942479.16355337
NIC,Nicaragua,141,0.5020271945168108,0.9787234042553191,1.0,1.0,0.28208895208078283,0.35263939899618657,ssp370,86057.0,5268.0,19362943.0,8175.0,16184777.0,2644.679260714559,9720723.95187892
NZL,New Zealand,44,0.24280133928571426,0.0,1.0,1.0,,0.0,ssp370,29676.0,23126.0,1361281995.0,1186.0,230904478.0,5615.023772321428,330521091.531529
PAK,Pakistan,16,0.33635236135771546,0.0,1.0,1.0,0.10542547261587076,0.1198371347224603,ssp370,82083.0,42299.0,23958274.0,21578.0,18389322.0,14227.368533070006,8058422.033955159
PAN,Panama,513,0.3653215535419971,0.015594541910331383,1.0,1.0,0.13258469517588886,0.1657441274393787,ssp370,152860.0,8837.0,29974273.0,4742.0,14958912.0,3228.3465686506283,10950247.978651937
PER,Peru,24,0.2396019345238095,0.0,1.0,1.0,,0.0,ssp370,11845.0,8188.0,66437364.0,659.0,5598405.0,1961.8606398809522,15918520.939062499
PHL,Philippines,599,0.4195059050615962,0.34724540901502504,1.0,1.0,0.20477686898972405,0.23973637606364978,ssp370,274939.0,817650.0,1465017667.0,327137.0,545975346.0,343009.0032736141,614583562.3260632
PLW,Palau,15,0.5162329872062965,1.0,1.0,1.0,0.32985411786202273,0.3861668128634273,ssp370,5687.0,584.0,0.0,253.0,0.0,301.48006452847716,0.0
PNG,PapuaNewGuinea,1034,0.36082649455854965,0.058027079303675046,1.0,1.0,0.19754518819832004,0.18646685404415825,ssp370,461059.0,22150.0,107732071.677141,8133.0,39556882.119647,7992.306854471874,38872585.77479319
PRI,PuertoRico,18,0.3557201620554744,0.0,1.0,1.0,0.12272453696792823,0.15341794366360706,ssp370,8200.0,14668.0,753682843.679039,17258.0,886764283.897794,5217.703337029699,268100183.29193854
PYF,FrenchPolynesia,3,0.47304716122968693,1.0,1.0,1.0,0.35080076338107546,0.39079906642178575,ssp370,126.0,1753.0,0.0,122.0,0.0,829.2516736356412,0.0
QAT,Qatar,3,0.3400915261624806,0.0,1.0,1.0,0.10590715252419151,0.12038466027424849,ssp370,460.0,3051.0,53392981.0,6533.0,70418287.0,1037.6192463217283,18158500.39465433
SAU,Saudi Arabia,8,0.3871236372758332,0.0,1.0,1.0,0.17767348073781072,0.20196144555466944,ssp370,6127.0,82993.0,535581663.0,17490.0,112569887.0,32128.552028433227,207336321.43879953
SEN,Senegal,374,0.32086937949069755,0.0,1.0,1.0,0.10588132613922145,0.11669237574833619,ssp370,232995.0,30551.0,34984208.0,32980.0,43091067.0,9802.880412820301,11225361.112933498
SLB,SolomonIslands,125,0.44684440048599194,0.656,1.0,1.0,0.31121444160957307,0.29376153572410824,ssp370,51928.0,12568.0,15205621.486379,4837.0,5852131.693954,5615.9404253079465,6794546.817097941
SLE,Sierra Leone,514,0.24407874166203447,0.0,1.0,1.0,,0.0,ssp370,172741.0,10778.0,6624940.0,6660.0,3760047.0,2630.6806776334074,1617007.0187864786
SLV,El Salvador,119,0.41464313374405515,0.5462184873949579,1.0,1.0,0.18514317160597335,0.23144747882462727,ssp370,51920.0,2324.0,15254762.0,1222.0,2186078.0,963.6306428211842,6325282.32019973
SOM,Somalia,4,0.2522879464285714,0.0,1.0,1.0,,0.0,ssp370,5886.0,21804.0,11893090.909091,2039.0,1112181.818182,5500.8863839285705,3000483.4821428796
SUR,Suriname,116,0.40852956749890973,0.28448275862068967,1.0,1.0,0.1880061771385868,0.23502652204094737,ssp370,85438.0,4230.0,50073326.0,69710.0,595114322.0,1728.080070520388,20456434.21401191
SYC,Seychelles,4,0.4343431830648892,1.0,1.0,1.0,0.2346143919947115,0.2720072337908287,ssp370,227.0,5287.0,33278197.0,652.0,13548792.0,2296.3724088640693,14454158.011640448
TCA,Turks and Caicos Islands,8,0.370697955483666,0.0,1.0,1.0,0.1461833840046417,0.18274384834420257,ssp370,15037.0,827.0,44163526.0,1641.0,66776159.0,306.5672091849918,16371328.795149727
THA,Thailand,694,0.3386211862817621,0.05475504322766571,1.0,0.9985590778097982,0.1196744877457164,0.13715393589080047,ssp370,264930.0,124711.0,814801338.0,23646.0,204952563.0,42229.78676238483,275908995.65752697
TLS,TimorLeste,7,0.3558655769448598,0.0,1.0,1.0,0.1824424151541606,0.1722110445123153,ssp370,1344.0,2188.0,0.0,3698.0,0.0,778.6338823553533,0.0
TON,Tonga,4,0.3549919808740508,0.25,1.0,1.0,0.16420513234760103,0.18292780153787455,ssp370,1039.0,896.0,11031140.544791,1404.0,17285403.264382,318.0728148631495,3915966.4332954134
TTO,Trinidad and Tobago,26,0.3948788210901284,0.0,1.0,1.0,0.17170245454506386,0.21464523842678435,ssp370,11169.0,3000.0,16320282.0,567.0,6924440.0,1184.636463270385,6444533.716018443
TWN,Taiwan,9,0.37252267748762197,0.0,1.0,1.0,0.16042277227196466,0.1878101479542345,ssp370,167.0,389704.0,4891052614.0,70762.0,263254022.0,145173.57750763622,1822028015.5001123
TZA,U.R. of Tanzania: Mainland,201,0.4020172551822486,0.1044776119402985,1.0,1.0,0.19001063124458675,0.22029452565234908,ssp370,120155.0,19894.0,27388931.0,10681.0,15160642.0,7997.731274595654,11010822.862996
USA,United States,486,0.4163771748028739,0.3991769547325103,1.0,1.0,0.1772522638430283,0.22112712281817345,ssp370,231525.0,329242.0,21150953450.0,64247.0,2352552635.0,137088.8537864478,8806774241.898098
VEN,Venezuela (Bolivarian Republic of),634,0.3668775445873463,0.01892744479495268,1.0,1.0,0.1447643743774491,0.18068450285655313,ssp370,300542.0,128871.0,578987661.0,19847.0,123343160.0,47279.8760485159,212417571.41405085
VIR,UnitedStatesVirginIslands,4,0.3852850816757084,0.0,1.0,1.0,0.1552652030508147,0.19409703033382347,ssp370,274.0,1395.0,0.0,257.0,0.0,537.4726889376133,0.0
VNM,Viet Nam,226,0.43274280187713365,0.28761061946902655,1.0,1.0,0.21923787243063944,0.2566661620119982,ssp370,186363.0,2467538.0,4746241695.0,3673309.0,7391633755.0,1067809.3078582985,2053901929.480376
VUT,Vanuatu,4,0.4051980565914879,0.25,1.0,1.0,0.22273303785054493,0.2102421690878864,ssp370,1532.0,5656.0,50318275.816529,1607.0,14296582.25551,2291.8002080814554,20388867.571892012
WSM,Samoa,2,0.6245184806607539,1.0,1.0,1.0,0.47712459366132104,0.531526339830585,ssp370,231.0,543.0,0.0,2568.0,0.0,339.11353499878936,0.0
YEM,Yemen,1,0.32374022187076834,0.0,1.0,1.0,0.1167896234426099,0.1327547649672147,ssp370,1566.0,50926.0,369260678.0,6239.0,35634167.0,16486.794538990747,119544533.82387035
ZAF,South Africa,3,0.28344063424181526,0.0,1.0,1.0,0.11278775904181382,0.04358795735929938,ssp370,2654.0,8866.0,86491602.0,1603.0,22566767.0,2512.984663187934,24515234.527470656
,,9264,0.35900645122221697,0.1932210708117444,1.0,0.9981649395509499,0.19047818142978284,0.16184360990689967,ssp370,,,,,,0.0,0.0
ABW,Aruba,2,0.46267370523130874,0.5,1.0,1.0,0.24025745927215128,0.32468393046038524,ssp585,43.0,0.0,0.0,0.0,0.0,0.0,0.0
AGO,Angola,106,0.28483956124904614,0.0,1.0,1.0,0.10612475889402662,0.016795664766278102,ssp585,51756.0,11775.0,41409776.0,6739.0,41700883.0,3353.9858337075184,11795142.42726128
ANT,NetherlandsAntilles,3,0.4016194288229735,0.0,1.0,1.0,0.18582401275154078,0.25112257083243217,ssp585,228.0,458.0,0.0,6468.0,0.0,183.94169840092187,0.0
ARE,United Arab Emirates,3,0.5306648032004281,1.0,1.0,1.0,0.3172674917105156,0.38827195635532896,ssp585,7393.0,249755.0,570497070.0,111891.0,352075128.0,132536.18792332293,302742715.3779708
ATG,Antigua and Barbuda,14,0.4261237196588203,0.0,1.0,1.0,0.1784368718172567,0.24113958857384069,ssp585,869.0,1050.0,37536879.0,452.0,13802800.0,447.4299056417613,15995354.503863059
AUS,Australia,1573,0.43879964480526656,0.4589955499046408,1.0,1.0,0.2649324119399638,0.2590079800262395,ssp585,988392.0,98148.0,5895729369.0,111606.0,5565606181.0,43067.307538347304,2587043952.9851785
BEN,Benin,1,0.2455357142857143,0.0,1.0,1.0,,0.0,ssp585,2970.0,70975.0,102402912.0,7469.0,6886351.0,17426.897321428572,25143572.142857146
BGD,Bangladesh,2130,0.3983119691102759,0.2802816901408451,1.0,1.0,0.15008373740001069,0.18367247783013307,ssp585,531711.0,657059.0,1352366845.0,621358.0,1286290673.0,261714.46411162877,538663900.9914013
BHS,Bahamas,197,0.438237190688846,0.3299492385786802,1.0,1.0,0.19449737980284187,0.26284375906556046,ssp585,145902.0,6953.0,358419473.0,2378.0,149169432.0,3047.063186859546,157072742.9356967
BLZ,Belize,84,0.6294338803603333,1.0,1.0,1.0,0.34017345397769383,0.4597104057054554,ssp585,68012.0,3252.0,14005376.0,5925.0,20171289.0,2046.9189789318038,8815458.161585484
BMU,Bermuda,2,0.3631110724670057,0.0,1.0,1.0,0.08736950370467363,0.11807114730649593,ssp585,21.0,0.0,0.0,0.0,0.0,0.0,0.0
BRA,Brazil,2870,0.292006923099927,0.0013937282229965157,1.0,1.0,0.1372122796424395,0.04384088669769541,ssp585,1138408.0,348868.0,2319344780.0,265511.0,1002668479.0,101871.87124802533,677264732.815677
BRB,Barbados,1,0.4726276034115071,1.0,1.0,1.0,0.25560315156595936,0.3454220990262375,ssp585,11.0,0.0,0.0,0.0,0.0,0.0,0.0
BRN,Brunei Darussalam,37,0.6969357667412928,1.0,1.0,1.0,0.4724154543763932,0.5962260966593583,ssp585,18707.0,4636.0,56058429.0,1602.0,9281843.0,3230.994214612633,39069124.197427325
CHN,China,27,0.3936195848208396,0.0,1.0,1.0,0.16332182013733917,0.206125202758933,ssp585,24926.0,16077932.0,124137014007.0,764842.0,7632534942.0,6328588.918617691,48862759914.33409
CIV,CÃ´te d'Ivoire,12,0.25044642857142857,0.0,1.0,1.0,,0.0,ssp585,6453.0,82261.0,98886688.0,32548.0,12765872.0,20601.973660714284,24765817.84285714
CMR,Cameroon,748,0.2681099002100841,0.0,1.0,1.0,,0.0,ssp585,211303.0,9922.0,13652327.0,159861.0,88430743.0,2660.1864298844544,3660324.0296054366
COD,D.R. of the Congo,61,0.27834089578454335,0.0,1.0,1.0,,0.0,ssp585,36328.0,0.0,0.0,0.004043,5.0,0.0,0.0
COG,Congo,21,0.27733843537414965,0.0,1.0,1.0,,0.0,ssp585,2500.0,1001.0,9054302.0,1510.0,2081811.0,277.6157738095238,2511105.950085034
COL,Colombia,500,0.2977731060638349,0.004,1.0,1.0,0.11138697680494354,0.052383869438061836,ssp585,289936.0,71822.0,242069107.0,15055.0,85285326.0,21386.66002371675,72081669.8734888
CRI,Costa Rica,109,0.3492074670355492,0.009174311926605505,1.0,0.9908256880733946,0.096765892702673,0.13076942739839229,ssp585,37034.0,4394.0,36007873.0,2729.0,16020972.0,1534.4176101542032,12574218.123667743
CUB,Cuba,553,0.4678012026230943,0.48282097649186256,1.0,0.9981916817359855,0.21878532503787296,0.2956664882561815,ssp585,342417.0,29447.0,287496675.522528,9227.0,90084960.269174,13775.34201364226,134491290.55958012
CYM,Cayman Islands,21,0.5156581980263581,1.0,1.0,1.0,0.26595877102487353,0.35941668316301406,ssp585,4432.0,0.0,0.0,0.0,0.0,0.0,0.0
DMA,Dominica,2,0.41232089230544583,0.0,1.0,1.0,0.16605091810596914,0.22440121072840669,ssp585,1.0,0.0,0.0,0.0,0.0,0.0,0.0
DOM,Dominican Republic,63,0.4354255839269945,0.2857142857142857,1.0,1.0,0.1964724954250356,0.2655129303173931,ssp585,19270.0,42807.0,211021863.0,6554.0,15004277.0,18639.262971162854,91884317.91813724
ECU,Ecuador,487,0.24359462085655614,0.0,1.0,1.0,,0.0,ssp585,162785.0,30509.0,143295722.0,16398.0,145772481.0,7431.828287712671,34906067.07095647
ERI,Eritrea,6,0.456919106833438,0.3333333333333333,1.0,1.0,0.18747206981625344,0.22942831904113095,ssp585,7175.0,4570.0,4847504.23871,6838.0,7253224.066586,2088.120318228812,2214917.307122678
FJI,Fiji,121,0.502643245961831,0.8181818181818182,1.0,1.0,0.3257866922445669,0.3304591111962686,ssp585,48811.0,5564.0,27088891.0,3911.0,18594698.0,2796.7070205316277,13616048.10174623
FSM,MicronesiaFederatedStatesof,24,0.5514092460164821,0.9166666666666666,1.0,1.0,0.30835400052249257,0.38916741697942747,ssp585,8711.0,2962.0,0.0,420.0,0.0,1633.27418670082,0.0
GAB,Gabon,569,0.2743613482299774,0.0,1.0,1.0,,0.0,ssp585,194197.0,2162.0,5069257.0,1557.0,3320704.0,593.169234873211,1390808.1850442505
GHA,Ghana,22,0.2597098214285714,0.0,1.0,1.0,,0.0,ssp585,18391.0,59157.0,249967863.0,18397.0,109352669.0,15363.65390625,64919109.0626116
GIN,Guinea,772,0.3036959699151711,0.0,1.0,1.0,0.12121748918155352,0.07375515185375259,ssp585,253417.0,7795.0,9351624.0,21210.0,30338541.0,2367.310085488759,2840050.520961992
GLP,Guadeloupe,33,0.47193781953278435,0.9090909090909091,1.0,1.0,0.2340265266792163,0.3162634481542929,ssp585,3415.0,2631.0,0.0,1016.0,0.0,1241.6684031907557,0.0
GMB,Gambia,163,0.339770895441958,0.0,1.0,1.0,0.10588132613922145,0.12687547548610625,ssp585,74425.0,2784.0,1684971.0,1687.0,1323843.0,945.9221729104111,572504.1054637313
GNB,Guinea-Bissau,814,0.34643890782988235,0.0012285012285012285,1.0,1.0,0.11505137802553743,0.13786376526044097,ssp585,297832.0,2443.0,1774430.0,2711.0,1585206.0,846.3502518284025,614731.5912205782
GNQ,Equatorial Guinea,55,0.2719196428571429,0.0,1.0,1.0,,0.0,ssp585,33795.0,3803.0,8258813.0,1290.0,13360149.0,1034.1104017857144,2245733.4813839286
GRD,Grenada,8,0.43023230325635187,0.0,1.0,1.0,0.20335992144367662,0.27482059783898455,ssp585,209.0,1594.0,36869182.0,623.0,18227371.0,685.7902913906249,15862313.09103763
GTM,Guatemala,59,0.4118578522281647,0.05084745762711865,1.0,1.0,0.17496234152986784,0.23644410834346338,ssp585,29554.0,1684.0,7753412.0,996.0,4470789.0,693.5686231522293,3193303.613760079
GUF,FrenchGuiana,112,0.44955205831639383,0.4375,1.0,1.0,0.20839897873033864,0.2816303798561796,ssp585,83100.0,3484.0,0.0,6074.0,0.0,1566.2393711743161,0.0
GUY,Guyana,59,0.4444342813970394,0.6271186440677966,1.0,1.0,0.19173213322786933,0.2591068048441426,ssp585,38703.0,56761.0,34969608.0,33613.0,14078963.0,25226.534246377352,15541692.60221616
HKG,"China, Hong Kong SAR",1,0.4236246265771592,0.0,1.0,1.0,0.1922704032552845,0.24266063054042947,ssp585,546.0,57102.0,243074683.0,18509.0,54590872.0,24189.813426808945,102972421.81623635
HND,Honduras,99,0.5252080771870344,0.98989898989899,1.0,1.0,0.28090731040593364,0.3796181392825787,ssp585,85226.0,6683.0,22392815.0,2721.0,8215556.0,3509.9655798409512,11760887.308954982
HTI,Haiti,42,0.3786176354932154,0.047619047619047616,1.0,1.0,0.12150667413270042,0.1642041194229313,ssp585,18837.0,29641.0,75816106.0,32354.0,88657453.0,11222.6053336544,28705314.786022983
IDN,Indonesia,7679,0.40067030064576875,0.2914441984633416,1.0,0.9997395494204975,0.22204575247214156,0.2078489884463807,ssp585,2913232.0,783119.0,2608833271.0,489596.0,1550664018.0,313772.5251714138,1045282011.0262543
IND,India,1215,0.3414980116917526,0.05185185185185185,1.0,0.9415637860082304,0.11535382535106788,0.13350151701470597,ssp585,492571.0,1210902.0,1698438651.0,1144050.0,1587476843.0,413520.6253535666,580013422.2969224
IRN,Iran (Islamic Republic of),29,0.35849916323565434,0.06896551724137931,1.0,1.0,0.11501683755396491,0.14075760579854227,ssp585,10286.0,60448.0,331228543.0,2788.0,26222184.0,21670.557419268833,118745155.50526495
JAM,Jamaica,22,0.4727518956508323,0.7727272727272727,1.0,1.0,0.22836193787962608,0.3086083228505267,ssp585,9767.0,9981.0,163076058.0,2804.0,40149921.0,4718.5366704909575,77094515.55476508
JPN,Japan,13,0.44975571022430777,0.3076923076923077,1.0,1.0,0.20250621656677462,0.2555790458045949,ssp585,1016.0,33178.0,1273881731.0,2485.0,392369031.0,14921.994953822083,572935582.6676756
KEN,Kenya,115,0.36617898697657575,0.008695652173913044,1.0,1.0,0.12504258421910425,0.15621820131661127,ssp585,56260.0,15358.0,16215720.0,34183.0,28889528.0,5623.77688198625,5937855.922695799
KHM,Cambodia,94,0.45568485544945353,0.425531914893617,1.0,1.0,0.22711635092967522,0.28663900418132454,ssp585,69351.0,92456.0,115114355.0,71430.0,109160155.0,42130.79899543468,52455868.218332075
KNA,Saint Kitts and Nevis,1,0.436542293935676,0.0,1.0,1.0,0.18443988308981082,0.24925205800757033,ssp585,35.0,0.0,0.0,0.0,0.0,0.0,0.0
LBR,Liberia,63,0.2636196145124716,0.0,1.0,1.0,,0.0,ssp585,19726.0,11220.0,7794388.0,5823.0,5240208.0,2957.8120748299316,2054753.5599206346
LCA,Saint Lucia,2,0.4350613097117154,0.5,1.0,1.0,0.216538219101361,0.2926297492935792,ssp585,162.0,1108.0,24666533.0,1933.0,31297014.0,482.0479311605807,10731454.15302725
LKA,Sri Lanka,89,0.35192662536172103,0.011235955056179775,1.0,1.0,0.10275001640024169,0.1257454700706158,ssp585,18119.0,45376.0,164516359.0,3985.0,18904169.0,15969.022552413453,57897687.039667405
MDG,Madagascar,564,0.420898435647649,0.20212765957446807,1.0,1.0,0.1918625602493172,0.23969773377067688,ssp585,275833.0,103671.0,31719761.0,20020.0,13838664.0,43634.96172202742,13350797.784017306
MEX,Mexico,2222,0.4640346039880698,0.40324032403240323,1.0,1.0,0.191556450959122,0.25327170252448405,ssp585,1004711.0,104691.0,1239455750.0,161141.0,1364288402.0,48580.246726115016,575150358.111986
MMR,Myanmar,1137,0.3539326659007938,0.056288478452066845,1.0,1.0,0.11473909525586873,0.14041770477413215,ssp585,546707.0,469825.0,172667784.0,63024.0,65783025.0,166286.41475684044,61112769.10630243
MOZ,Mozambique,660,0.44990015877014694,0.44696969696969696,1.0,1.0,0.2154681801014343,0.2687808450874082,ssp585,304897.0,41997.0,23362062.0,28845.0,22122480.0,18894.45696786986,10510595.402998017
MTQ,Martinique,21,0.4785183268899982,0.7619047619047619,1.0,1.0,0.2349437410969118,0.31750297171836656,ssp585,1944.0,2384.0,0.0,620.0,0.0,1140.7876913057557,0.0
MYS,Malaysia,1339,0.4415144231444834,0.368185212845407,1.0,1.0,0.22612283517618087,0.27040729118438733,ssp585,579537.0,106284.0,342518762.0,22448.0,106584340.0,46925.918949488274,151226973.6205926
MYT,Mayotte,11,0.5160718550735859,1.0,1.0,1.0,0.3018920684610597,0.37715979896977103,ssp585,675.0,2167.0,0.0,1335.0,0.0,1118.3277099444606,0.0
NCL,NewCaledonia,85,0.3345550729098661,0.0,1.0,1.0,0.1111396209924569,0.111904261584885,ssp585,33481.0,5427.0,0.0,1384.0,0.0,1815.6303806818432,0.0
NGA,Nigeria,2592,0.27039809992283953,0.0,1.0,1.0,,0.0,ssp585,887472.0,133742.0,192628973.0,94983.0,86226425.0,36163.582679880405,52086508.289287955
NIC,Nicaragua,141,0.5265995585852935,0.9787234042553191,1.0,1.0,0.28208895208078283,0.3812150098419699,ssp585,86057.0,5268.0,19362943.0,8175.0,16184777.0,2774.1264746273264,10196517.236712199
NZL,New Zealand,44,0.2539620535714286,0.0,1.0,1.0,,0.0,ssp585,29676.0,23126.0,1361281995.0,1186.0,230904478.0,5873.126450892858,345713970.9400112
PAK,Pakistan,16,0.3564059004775893,0.0,1.0,1.0,0.10542547261587076,0.12901969338730263,ssp585,82083.0,42299.0,23958274.0,21578.0,18389322.0,15075.61318430155,8538870.218858816
PAN,Panama,513,0.3816985268236909,0.009746588693957114,1.0,1.0,0.13258469517588886,0.17917495706069622,ssp585,152860.0,8837.0,29974273.0,4742.0,14958912.0,3373.0698815409564,11441135.846711133
PER,Peru,24,0.23949962797619043,0.0,1.0,1.0,,0.0,ssp585,11845.0,8188.0,66437364.0,659.0,5598405.0,1961.0229538690471,15911723.961718747
PHL,Philippines,599,0.44525757580512976,0.34891485809682804,1.0,1.0,0.20477686898972405,0.25844479081455096,ssp585,274939.0,817650.0,1465017667.0,327137.0,545975346.0,364064.85685706435,652310214.9201069
PLW,Palau,15,0.5502923488677761,1.0,1.0,1.0,0.32985411786202273,0.4163022850713017,ssp585,5687.0,584.0,0.0,253.0,0.0,321.3707317387813,0.0
PNG,PapuaNewGuinea,1034,0.38322139950622347,0.058027079303675046,1.0,1.0,0.19754518819832004,0.1989042990931245,ssp585,461059.0,22150.0,107732071.677141,8133.0,39556882.119647,8488.35399906285,41285235.27981875
PRI,PuertoRico,18,0.3754218006351414,0.0,1.0,1.0,0.12272453696792823,0.1658499392584582,ssp585,8200.0,14668.0,753682843.679039,17258.0,886764283.897794,5506.686971716254,282948970.2817986
PYF,FrenchPolynesia,3,0.5000126210356561,1.0,1.0,1.0,0.35080076338107546,0.42035753874427506,ssp585,126.0,1753.0,0.0,122.0,0.0,876.5221246755052,0.0
QAT,Qatar,3,0.35602946882875325,0.0,1.0,1.0,0.10590715252419151,0.12960917325910556,ssp585,460.0,3051.0,53392981.0,6533.0,70418287.0,1086.2459093965263,19009474.664613713
SAU,Saudi Arabia,8,0.40720634021175367,0.0,1.0,1.0,0.17767348073781072,0.21743680572693275,ssp585,6127.0,82993.0,535581663.0,17490.0,112569887.0,33795.27579319407,218092248.87475482
SEN,Senegal,374,0.3417164934507946,0.0,1.0,1.0,0.10588132613922145,0.1255185185290356,ssp585,232995.0,30551.0,34984208.0,32980.0,43091067.0,10439.780591415225,11954680.883913236
SLB,SolomonIslands,125,0.4750598835201275,0.696,1.0,1.0,0.31121444160957307,0.3133555969678469,ssp585,51928.0,12568.0,15205621.486379,4837.0,5852131.693954,5970.552616080962,7223580.772170356
SLE,Sierra Leone,514,0.2595369823513063,0.0,1.0,1.0,,0.0,ssp585,172741.0,10778.0,6624940.0,6660.0,3760047.0,2797.2895957823794,1719416.9358584632
SLV,El Salvador,119,0.43128823052446275,0.5462184873949579,1.0,1.0,0.18514317160597335,0.25020248210831236,ssp585,51920.0,2324.0,15254762.0,1222.0,2186078.0,1002.3138477388515,6579199.310051815
SOM,Somalia,4,0.26640624999999996,0.0,1.0,1.0,,0.0,ssp585,5886.0,21804.0,11893090.909091,2039.0,1112181.818182,5808.721874999999,3168393.7500000237
SUR,Suriname,116,0.43582642855161496,0.28448275862068967,1.0,1.0,0.1880061771385868,0.2540715477850862,ssp585,85438.0,4230.0,50073326.0,69710.0,595114322.0,1843.5457927733312,21823278.836280722
SYC,Seychelles,4,0.4630669480349552,1.0,1.0,1.0,0.2346143919947115,0.29310845220683296,ssp585,227.0,5287.0,33278197.0,652.0,13548792.0,2448.234954260808,15410033.120896002
TCA,Turks and Caicos Islands,8,0.39279375772116903,0.0,1.0,1.0,0.1461833840046417,0.19755222514387277,ssp585,15037.0,827.0,44163526.0,1641.0,66776159.0,324.8404376354068,17347157.33175655
THA,Thailand,694,0.358946291524566,0.05475504322766571,1.0,0.9985590778097982,0.1196744877457164,0.1477178238838357,ssp585,264930.0,124711.0,814801338.0,23646.0,204952563.0,44764.55096232015,292469918.60435444
TLS,TimorLeste,7,0.37996796951829587,0.0,1.0,1.0,0.1824424151541606,0.18369761897042122,ssp585,1344.0,2188.0,0.0,3698.0,0.0,831.3699173060313,0.0
TON,Tonga,4,0.3807398524179366,0.25,1.0,1.0,0.16420513234760103,0.19676372598948336,ssp585,1039.0,896.0,11031140.544791,1404.0,17285403.264382,341.14290776647124,4199994.823025242
TTO,Trinidad and Tobago,26,0.42199400656813324,0.0,1.0,1.0,0.17170245454506386,0.2320386970721993,ssp585,11169.0,3000.0,16320282.0,567.0,6924440.0,1265.9820197043998,6887061.189501787
TWN,Taiwan,9,0.39288068705278373,0.0,1.0,1.0,0.16042277227196466,0.20246637242900117,ssp585,167.0,389704.0,4891052614.0,70762.0,263254022.0,153107.17526721803,1921600111.399634
TZA,U.R. of Tanzania: Mainland,201,0.4229626188861797,0.1044776119402985,1.0,1.0,0.19001063124458675,0.2373840818264871,ssp585,120155.0,19894.0,27388931.0,10681.0,15160642.0,8414.41834012166,11584493.984252872
USA,United States,486,0.44222277670486176,0.40329218106995884,1.0,1.0,0.1772522638430283,0.2390458313546753,ssp585,231525.0,329242.0,21150953450.0,64247.0,2352552635.0,145598.3114478621,9353433364.614275
VEN,Venezuela (Bolivarian Republic of),634,0.3914574741089118,0.01892744479495268,1.0,1.0,0.1447643743774491,0.19532600364798486,ssp585,300542.0,128871.0,578987661.0,19847.0,123343160.0,50447.516145889575,226649047.3152869
VIR,UnitedStatesVirginIslands,4,0.40921858072906925,0.0,1.0,1.0,0.1552652030508147,0.20982539540287098,ssp585,274.0,1395.0,0.0,257.0,0.0,570.8599201170516,0.0
VNM,Viet Nam,226,0.45632330823303996,0.29646017699115046,1.0,1.0,0.21923787243063944,0.27669573403726144,ssp585,186363.0,2467538.0,4746241695.0,3673309.0,7391633755.0,1125995.103350739,2165820711.935991
VUT,Vanuatu,4,0.4249317601894018,0.25,1.0,1.0,0.22273303785054493,0.22426544115095665,ssp585,1532.0,5656.0,50318275.816529,1607.0,14296582.25551,2403.414035631257,21381833.512413476
WSM,Samoa,2,0.664680099638626,1.0,1.0,1.0,0.47712459366132104,0.5717288580924876,ssp585,231.0,543.0,0.0,2568.0,0.0,360.9212941037739,0.0
YEM,Yemen,1,0.3476727373007233,0.0,1.0,1.0,0.1167896234426099,0.142927141169066,ssp585,1566.0,50926.0,369260678.0,6239.0,35634167.0,17705.581819776635,128381870.69778097
ZAF,South Africa,3,0.29959642034004536,0.0,1.0,1.0,0.11278775904181382,0.046969334375372936,ssp585,2654.0,8866.0,86491602.0,1603.0,22566767.0,2656.221862734842,25912574.348675907
,,9264,0.3803465014986016,0.19300518134715025,1.0,0.9981649395509499,0.19047818142978284,0.17410719783224163,ssp585,,,,,,0.0,0.0
